{
  "statusCards": [
    {
      "icon": "🌡️",
      "label": "Heat Level",
      "title": "Extreme",
      "subtitle": "Temperature: 41°C\nFeels like: 44°C",
      "buttonText": "Learn More",
      "gradient": "bg-gradient-to-r from-red-500 to-orange-500"
    },
    {
      "icon": "⚠️",
      "label": "Advisory",
      "title": "Stay Indoors",
      "subtitle": "High risk of heatstroke. Limit outdoor activity.",
      "buttonText": "View Details",
      "gradient": "bg-gradient-to-r from-yellow-400 to-orange-400"
    },
    {
      "icon": "🔔",
      "label": "Alerts",
      "title": "2 New Alerts",
      "subtitle": "Urgent health advisories issued for your area.",
      "buttonText": "See Alerts",
      "gradient": "bg-gradient-to-r from-blue-500 to-indigo-500"
    }
  ],
  "vulnerableGroups": [
    {
      "icon": "👶",
      "label": "Children",
      "title": "Hydration First",
      "description": "Encourage water breaks and avoid outdoor play during peak heat.",
      "regionalAdvice": {
        "Bangkok": "Encourage water breaks and avoid outdoor play during peak heat.",
        "default": "Encourage frequent water breaks and avoid midday sun."
      }
    },
    {
      "icon": "👴",
      "label": "Elderly",
      "title": "Stay Cool",
      "description": "Check on elderly neighbors and use cooling centers if needed.",
      "regionalAdvice": {
        "Singapore": "Check on elderly neighbors and use cooling centers if needed.",
        "default": "Use fans, stay in shaded areas, and check on neighbors."
      }
    },
    {
      "icon": "👷",
      "label": "Outdoor Workers",
      "title": "Take Breaks",
      "description": "Take breaks in cool areas and drink water every hour.",
      "regionalAdvice": {
        "Jakarta": "Take breaks in cool areas and drink water every hour.",
        "default": "Rest in cool areas and wear light clothing."
      }
    }
  ],
  "resources": [
    {
      "icon": "?",
      "label": "What is a Heatwave?",
      "title": "Understanding Risks",
      "description": "Learn how heatwaves impact health and safety.",
      "buttonText": "Read More"
    },
    {
      "icon": "🛡️",
      "label": "Prevention",
      "title": "Stay Safe Tips",
      "description": "Simple steps to reduce heat-related risks.",
      "buttonText": "View Tips"
    }
  ]
}
