[
  {
    "title": "CDC: Extreme Heat",
    "description": "Official CDC guidance on heat safety.",
    "icon": "🏥",
    "url": "https://www.cdc.gov/disasters/extremeheat/index.html"
  },
  {
    "title": "Red Cross: Heatwave Tips",
    "description": "Red Cross resources for heat emergencies.",
    "icon": "🚑",
    "url": "https://www.redcross.org/get-help/how-to-prepare-for-emergencies/types-of-emergencies/heat-wave-safety.html"
  },
  {
    "title": "Local Cooling Centers",
    "description": "Find nearby cooling centers during heatwaves.",
    "icon": "🏢",
    "url": "https://www.google.com/maps/search/cooling+centers+near+me/"
  }
]
