[
  {
    "id": "1",
    "type": "heatwave",
    "severity": "critical",
    "title": "Extreme Heat Warning",
    "message": "Temperatures expected to reach 115°F (46°C) in your area. Avoid outdoor activities between 10 AM - 6 PM.",
    "timestamp": "2025-06-02T14:30:00Z",
    "isRead": false,
    "location": "Phoenix, AZ",
    "actionRequired": true,
    "source": "National Weather Service"
  },
  {
    "id": "2",
    "type": "health",
    "severity": "medium",
    "title": "Hydration Reminder",
    "message": "You haven't logged water intake in 4 hours. Remember to stay hydrated during high temperatures.",
    "timestamp": "2025-06-02T13:15:00Z",
    "isRead": false,
    "location": "Phoenix, AZ",
    "actionRequired": true,
    "source": "ThermoWell Health Monitor"
  },
  {
    "id": "3",
    "type": "emergency",
    "severity": "high",
    "title": "Cooling Center Alert",
    "message": "Emergency cooling centers are now open in your area due to excessive heat conditions.",
    "timestamp": "2025-06-02T12:00:00Z",
    "isRead": true,
    "location": "Phoenix, AZ",
    "actionRequired": false,
    "source": "Emergency Management"
  },
  {
    "id": "4",
    "type": "heatwave",
    "severity": "high",
    "title": "Heat Advisory Extended",
    "message": "Heat advisory has been extended through Thursday. Heat index values up to 108°F expected.",
    "timestamp": "2025-06-02T10:45:00Z",
    "isRead": true,
    "location": "Phoenix, AZ",
    "actionRequired": false,
    "source": "National Weather Service"
  },
  {
    "id": "5",
    "type": "system",
    "severity": "low",
    "title": "Weekly Safety Report",
    "message": "Your weekly heatwave safety report is ready. You've followed 85% of recommended safety measures.",
    "timestamp": "2025-06-01T09:00:00Z",
    "isRead": true,
    "location": "",
    "actionRequired": false,
    "source": "ThermoWell Analytics"
  },
  {
    "id": "6",
    "type": "reminder",
    "severity": "medium",
    "title": "Emergency Kit Check",
    "message": "It's time to check your emergency kit. Ensure you have adequate water supplies and battery-powered fans.",
    "timestamp": "2025-05-31T16:00:00Z",
    "isRead": false,
    "location": "",
    "actionRequired": true,
    "source": "ThermoWell Preparedness"
  }
]
