[
  {
    "type": "Guides",
    "title": "Heat Safety Handbook",
    "description": "Comprehensive guide on heatwave preparedness and response.",
    "action": "Download PDF",
    "category": "general"
  },
  {
    "type": "Checklist",
    "title": "Emergency Kit List",
    "description": "Printable checklist for assembling a heat emergency kit.",
    "action": "View List",
    "category": "general"
  },
  {
    "type": "Guide",
    "title": "Understanding Heatwave Risks",
    "description": "Learn how heatwaves impact health and safety, and what makes them dangerous.",
    "action": "Read More",
    "category": "heatwave"
  },
  {
    "type": "Information",
    "title": "Heat Index Explained",
    "description": "Understand the heat index and how it affects your body.",
    "action": "Learn More",
    "category": "heatwave"
  }
]
